DELETE	297408989	2026-07-29 00:22:33	./world/br_fix_scene.blend1	superseded_by_br_fix_scene.blend_298855472B_2026-07-29
DELETE	58315838	2026-07-29 00:38:05	./world/surface_test_defects.blend1	superseded_by_surface_test_defects.blend_58316423B_2026-07-29
DELETE	56625306	2026-07-28 17:39:45	./world/surface_test_surface.blend1	superseded_by_surface_test_surface.blend_58320461B_2026-07-29
DELETE	56615811	2026-07-28 18:04:57	./world/surface_test_macro.blend1	superseded_by_surface_test_macro.blend_58322741B_2026-07-29
DELETE	56627735	2026-07-28 17:38:56	./world/surface_test_contract.blend1	superseded_by_surface_test_contract.blend_58342533B_2026-07-29
DELETE	58320390	2026-07-29 00:36:56	./world/surface_test_probe.blend1	superseded_by_surface_test_probe.blend_58320162B_2026-07-29
DELETE	56620563	2026-07-28 17:39:18	./world/surface_test_ribbon.blend1	superseded_by_surface_test_ribbon.blend_58319070B_2026-07-29
DELETE	241020225	2026-07-29 00:50:07	./world/br_fix.blend1	superseded_by_br_fix.blend_241022346B_2026-07-29
DELETE	46341007	2026-07-29 01:00:36	./world/arch_defect3_before.blend1	superseded_by_arch_defect3_before.blend_46340896B_2026-07-29
DELETE	58325212	2026-07-29 01:12:13	./world/surface_test_joint.blend1	superseded_by_surface_test_joint.blend_57897076B_2026-07-29
DELETE	58229746	2026-07-29 01:12:52	./world/surface_test_jointoff.blend1	superseded_by_surface_test_jointoff.blend_57806375B_2026-07-29
DELETE	56463856	2026-07-29 00:14:01	./world/surface_only.blend1	superseded_by_surface_only.blend_57869711B_2026-07-29
DELETE	47381203	2026-07-29 01:37:28	./world/arch_defect23.blend1	superseded_by_arch_defect23.blend_47379886B_2026-07-29
DELETE	209380233	2026-08-02 01:05:39	./world/verify_surface.blend1	superseded_by_verify_surface.blend_209380233B_2026-08-02
DELETE	292829365	2026-08-02 11:44:17	./world/verify_shutter_flat.blend1	superseded_by_verify_shutter_flat.blend_292829365B_2026-08-02
DELETE	718603	2026-08-03 07:54:00	./world/relief_control.blend1	superseded_by_relief_control.blend_771368B_2026-08-03
DELETE	12052285	2026-08-03 10:42:30	./world/relief_2light_A.blend1	superseded_by_relief_2light_A.blend_12105050B_2026-08-03
DELETE	12052285	2026-08-03 10:42:49	./world/relief_2light_A2.blend1	superseded_by_relief_2light_A2.blend_12105050B_2026-08-03
DELETE	12052285	2026-08-03 10:43:03	./world/relief_2light_B.blend1	superseded_by_relief_2light_B.blend_12105050B_2026-08-03
DELETE	12052285	2026-08-03 10:43:15	./world/relief_2light_C.blend1	superseded_by_relief_2light_C.blend_12105050B_2026-08-03
DELETE	291564658	2026-08-03 23:30:49	./world/camera_rig.blend1	superseded_by_camera_rig.blend_291565378B_2026-08-04
DELETE	300583452	2026-08-04 19:50:59	./world/car_anim.blend1	superseded_by_car_anim.blend_301667220B_2026-08-04
DELETE	406442646	2026-08-04 19:51:04	./world/car_anim_driver.blend1	superseded_by_car_anim_driver.blend_407526414B_2026-08-04
DELETE	407331596	2026-08-07 04:36:48	./world/R2829_car_anim_driver.blend1	superseded_by_R2829_car_anim_driver.blend_408417476B_2026-08-07
DELETE	291563218	2026-08-07 04:48:46	./world/R2829_camera_rig.blend1	superseded_by_R2829_camera_rig.blend_291563218B_2026-08-07
DELETE	7327672	2026-08-04 18:33:58	./world/showroom_ceiling.blend1	superseded_by_showroom_ceiling.blend_7327672B_2026-08-07
DELETE	58322369	2026-08-04 16:56:46	./world/surface_test_filmpose.blend1	superseded_by_surface_test_filmpose.blend_58339487B_2026-08-07
DELETE	407331596	2026-08-07 22:45:45	./world/R21701_car_anim_driver.blend1	superseded_by_R21701_car_anim_driver.blend_408417476B_2026-08-07
DELETE	2195254962	2026-08-07 23:29:15	./world/nearband.blend1	superseded_by_nearband.blend_2178926774B_2026-08-08
DELETE	4509270219	2026-08-03 06:04:47	./render/film6b.blend1	superseded_by_film6b.blend_4510117396B_2026-08-03
DELETE	4529397420	2026-08-03 06:28:19	./render/film7.blend1	superseded_by_film7.blend_4530244597B_2026-08-03
DELETE	4529334120	2026-08-03 07:13:29	./render/film8.blend1	superseded_by_film8.blend_4530181297B_2026-08-03
DELETE	4765023615	2026-08-03 11:08:32	./render/film9.blend1	superseded_by_film9.blend_4765023615B_2026-08-03
DELETE	4529349176	2026-08-03 17:11:14	./render/film10.blend1	superseded_by_film10.blend_4530196353B_2026-08-03
DELETE	4529337392	2026-08-03 17:59:51	./render/film11.blend1	superseded_by_film11.blend_4530184569B_2026-08-03
DELETE	4529355392	2026-08-03 20:00:10	./render/film12.blend1	superseded_by_film12.blend_4530202569B_2026-08-03
DELETE	4529355392	2026-08-03 21:40:09	./render/film13.blend1	superseded_by_film13.blend_4530202569B_2026-08-03
DELETE	4529817899	2026-08-03 23:40:43	./render/film14.blend1	superseded_by_film14.blend_4530665076B_2026-08-03
DELETE	406131495	2026-08-04 03:22:43	./render/driver_look.blend1	superseded_by_driver_look.blend_406125523B_2026-08-04
DELETE	4677000160	2026-08-04 07:06:14	./render/r2331_cfp_after.blend1	superseded_by_r2331_cfp_after.blend_4677000160B_2026-08-04
DELETE	291975212	2026-08-04 13:49:58	./render/r2451_b1ab.blend1	superseded_by_r2451_b1ab.blend_291972749B_2026-08-04
DELETE	7506301890	2026-08-04 16:17:09	./render/film16.blend1	superseded_by_film16.blend_7507149067B_2026-08-04
DELETE	1120735	2026-08-04 19:16:49	./render/relief_itemlike.blend1	superseded_by_relief_itemlike.blend_1120735B_2026-08-04
DELETE	292227897	2026-08-07 03:40:32	./render/r2791_dof_ab.blend1	superseded_by_r2791_dof_ab.blend_292227321B_2026-08-07
DELETE	7517035879	2026-08-07 06:01:53	./render/film17.blend1	superseded_by_film17.blend_7517145319B_2026-08-07
DELETE	7979667219	2026-08-07 05:37:00	./render/film17_breach.blend1	superseded_by_film17_breach.blend_7979667219B_2026-08-07
DELETE	7517035159	2026-08-07 18:43:18	./render/film18.blend1	superseded_by_film18.blend_7517144455B_2026-08-07
DELETE	7547515490	2026-08-07 23:27:00	./render/film19.blend1	superseded_by_film19.blend_7547602322B_2026-08-07
DELETE	10007698795	2026-08-08 02:34:29	./render/film21.blend1	superseded_by_film21.blend_10007785627B_2026-08-08
DELETE	10008622616	2026-08-08 04:45:24	./render/film22.blend1	superseded_by_film22.blend_10008709448B_2026-08-08
KEEP	10008629368	2026-08-08 06:10:39	./render/film23.blend1	SKIP_RECENT_lt2h_possibly_live
KEEP	10007783631	2026-08-08 06:50:35	./render/r22161_after.blend1	SKIP_RECENT_lt2h_possibly_live
DELETE	12702793	2026-07-30 00:52:20	./work/sfp2/smoke.blend1	superseded_by_smoke.blend_12700289B_2026-07-30
DELETE	6468659	2026-08-03 06:42:54	./work/hairab/hair_new.blend1	superseded_by_hair_new.blend_6468423B_2026-08-03
DELETE	223376426	2026-07-29 10:59:43	./work/gbs/gbs_draft.blend1	superseded_by_gbs_draft.blend_223376426B_2026-07-29
KEEP	138555372	2026-07-29 14:02:11	./work/gru/probe0.blend1	SKIP_ORPHAN_no_matching_blend
DELETE	291562498	2026-08-07 17:53:18	./work/r21601/rig_AFTER.blend1	superseded_by_rig_AFTER.blend_291562498B_2026-08-07
DELETE	290777568	2026-08-04 16:05:05	./work/r2521/r2521_ab.blend1	superseded_by_r2521_ab.blend_290777920B_2026-08-04
DELETE	300235801	2026-08-04 16:09:40	./work/r2521/paint_test.blend1	superseded_by_paint_test.blend_300630497B_2026-08-04
DELETE	300581340	2026-08-04 19:24:29	./work/r2521/strip_test.blend1	superseded_by_strip_test.blend_300235977B_2026-08-04
DELETE	300235801	2026-08-04 19:28:50	./work/r2521/unwind.blend1	superseded_by_unwind.blend_300581340B_2026-08-04
DELETE	300583452	2026-08-04 19:29:05	./work/r2521/unwind3.blend1	superseded_by_unwind3.blend_300238089B_2026-08-04
DELETE	300235801	2026-08-04 19:30:28	./work/r2521/g2.blend1	superseded_by_g2.blend_300581340B_2026-08-04
DELETE	300583452	2026-08-04 20:01:56	./work/r2521/final_check.blend1	superseded_by_final_check.blend_300238089B_2026-08-04
DELETE	28667108	2026-08-04 17:14:41	./work/ceiling/room_ceiling.blend1	superseded_by_room_ceiling.blend_28753164B_2026-08-04
DELETE	196209021	2026-08-04 06:04:46	./work/r2331/arch_sup.blend1	superseded_by_arch_sup.blend_196374158B_2026-08-04
DELETE	1059009386	2026-08-04 06:20:22	./work/r2331/barr_sup.blend1	superseded_by_barr_sup.blend_1059009386B_2026-08-04
DELETE	43367452	2026-08-04 06:52:39	./work/r2366/ab_before_f2978.blend1	superseded_by_ab_before_f2978.blend_43238341B_2026-08-04
DELETE	43367295	2026-08-04 06:53:48	./work/r2366/ab_before_f945.blend1	superseded_by_ab_before_f945.blend_43238471B_2026-08-04
DELETE	212631	2026-08-04 07:20:22	./work/r2366/pvg.blend1	superseded_by_pvg.blend_212638B_2026-08-04
DELETE	7377547	2026-08-04 07:01:14	./work/r2372/smoke.blend1	superseded_by_smoke.blend_7555493B_2026-08-04
DELETE	291556738	2026-08-07 03:33:51	./work/r2851/camrig_R2851.blend1	superseded_by_camrig_R2851.blend_291633058B_2026-08-07
DELETE	291561058	2026-08-07 14:43:02	./work/r21084/_chain_ctl.blend1	superseded_by__chain_ctl.blend_291561778B_2026-08-07
DELETE	2525092	2026-08-03 05:47:00	./sim/tmp/pen.blend1	superseded_by_pen.blend_2525257B_2026-08-03
KEEP	290199355	2026-07-29 14:22:30	./world/items/access_road_slab_draft.blend1	SKIP_ORPHAN_no_matching_blend
DELETE	1210686352	2026-07-29 15:09:33	./world/items/access_road_slab_test.blend1	superseded_by_access_road_slab_test.blend_461740136B_2026-07-29
DELETE	2229334356	2026-07-29 16:18:55	./world/items/forecourt_paving_bay_test.blend1	superseded_by_forecourt_paving_bay_test.blend_857385906B_2026-07-29
DELETE	2030418562	2026-07-29 16:55:09	./world/items/hospitality_deck_test.blend1	superseded_by_hospitality_deck_test.blend_2030426862B_2026-07-29
DELETE	1055435952	2026-07-29 19:38:28	./world/items/_sfp_noripple.blend1	superseded_by__sfp_noripple.blend_162223236B_2026-07-29
DELETE	231755197	2026-07-30 01:12:53	./world/items/showroom_facade_panel_test2.blend1	superseded_by_showroom_facade_panel_test2.blend_231755533B_2026-07-30
DELETE	8274689	2026-08-02 12:31:31	./world/items/human_bench.blend1	superseded_by_human_bench.blend_8298840B_2026-08-02
DELETE	5443829	2026-08-02 13:45:48	./world/items/human_bench_crew.blend1	superseded_by_human_bench_crew.blend_5447383B_2026-08-02
DELETE	5137071	2026-08-02 13:53:50	./world/items/human_bench_face.blend1	superseded_by_human_bench_face.blend_4281826B_2026-08-02
DELETE	234718085	2026-07-29 15:12:17	./world/items/grandstand_riser_unit_test.blend1	superseded_by_grandstand_riser_unit_test.blend_234740019B_2026-08-02
DELETE	525994966	2026-07-29 13:20:47	./world/items/gantry_truss_test.blend1	superseded_by_gantry_truss_test.blend_525994966B_2026-08-03
DELETE	1106922451	2026-07-29 16:59:12	./world/items/pont_girder_test.blend1	superseded_by_pont_girder_test.blend_1106922451B_2026-08-03
DELETE	2376792853	2026-07-29 23:02:47	./world/items/pont_deck_slab_test.blend1	superseded_by_pont_deck_slab_test.blend_2376792853B_2026-08-03
DELETE	861616459	2026-07-29 08:12:41	./world/items/heras_fence_panel_test.blend1	superseded_by_heras_fence_panel_test.blend_861616459B_2026-08-02
DELETE	239536649	2026-07-29 14:12:38	./world/items/tyre_wall_tyre_test.blend1	superseded_by_tyre_wall_tyre_test.blend_239525938B_2026-08-02
DELETE	220892283	2026-07-29 11:19:38	./world/items/catch_fence_post_test.blend1	superseded_by_catch_fence_post_test.blend_208390588B_2026-08-02
DELETE	675251633	2026-08-03 05:42:47	./world/items/spectator_crowd_test.blend1	superseded_by_spectator_crowd_test.blend_551702731B_2026-08-03
DELETE	78745119	2026-08-03 11:02:09	./world/items/dais_delivery_ramp_test.blend1	superseded_by_dais_delivery_ramp_test.blend_78745136B_2026-08-03
DELETE	446331408	2026-07-29 04:59:23	./world/items/spectator_seated_test.blend1	superseded_by_spectator_seated_test.blend_446333949B_2026-08-03
DELETE	196697311	2026-07-29 13:29:53	./world/items/driver_figure_test.blend1	superseded_by_driver_figure_test.blend_196697311B_2026-08-03
DELETE	485844616	2026-07-29 11:28:59	./world/items/tyre_blanket_test.blend1	superseded_by_tyre_blanket_test.blend_485844747B_2026-08-03
DELETE	896741800	2026-08-02 19:31:17	./world/items/crew_fireproof_overall_test.blend1	superseded_by_crew_fireproof_overall_test.blend_896741800B_2026-08-03
DELETE	148970374	2026-08-02 17:01:30	./world/items/armco_post_test.blend1	superseded_by_armco_post_test.blend_148970478B_2026-08-03
DELETE	369961478	2026-08-02 10:29:46	./world/items/paddock_personnel_figure_test.blend1	superseded_by_paddock_personnel_figure_test.blend_265071217B_2026-08-03
DELETE	104562895	2026-08-02 14:00:39	./world/items/crew_figure_test.blend1	superseded_by_crew_figure_test.blend_105079456B_2026-08-03
DELETE	191225120	2026-08-02 16:49:29	./world/items/team_truck_trailer_test.blend1	superseded_by_team_truck_trailer_test.blend_191225120B_2026-08-03
DELETE	232075108	2026-08-02 17:07:48	./world/items/kerb_precast_unit_test.blend1	superseded_by_kerb_precast_unit_test.blend_232074733B_2026-08-03
DELETE	162397649	2026-08-02 19:10:16	./world/items/armco_w_beam_test.blend1	superseded_by_armco_w_beam_test.blend_162398493B_2026-08-03
DELETE	197586001	2026-08-02 19:19:11	./world/items/pit_wall_unit_test.blend1	superseded_by_pit_wall_unit_test.blend_197583695B_2026-08-03
DELETE	237881155	2026-07-29 05:28:10	./world/items/terrain_ground_test.blend1	superseded_by_terrain_ground_test.blend_237836853B_2026-08-03
DELETE	920336039	2026-08-03 17:52:32	./world/items/marshal_post_column_test.blend1	superseded_by_marshal_post_column_test.blend_920336039B_2026-08-03
DELETE	1119647061	2026-08-03 21:12:23	./world/items/showroom_facade_panel_test.blend1	superseded_by_showroom_facade_panel_test.blend_172974244B_2026-08-03
DELETE	1039634416	2026-08-03 21:16:06	./world/items/gravel_bed_surface_test.blend1	superseded_by_gravel_bed_surface_test.blend_1039634416B_2026-08-03
DELETE	49518266	2026-07-29 09:46:00	./world/items/timing_stand_test.blend1	superseded_by_timing_stand_test.blend_49523536B_2026-08-04
DELETE	426073405	2026-08-04 00:28:28	./world/items/marshal_post_deck_test.blend1	superseded_by_marshal_post_deck_test.blend_426073405B_2026-08-04
DELETE	12836627	2026-08-07 15:25:48	./world/items/lighting_mast_test.blend1	superseded_by_lighting_mast_test.blend_12836592B_2026-08-07
KEEP	1604276	2026-08-02 11:36:12	./render/exposure_cal/expcal_agx_atmo.blend1	SKIP_ORPHAN_no_matching_blend
DELETE	1604276	2026-08-02 11:36:12	./render/exposure_cal/expcal_agx_noatmo.blend1	superseded_by_expcal_agx_noatmo.blend_1836456B_2026-08-02
KEEP	1604276	2026-08-02 11:36:12	./render/exposure_cal/expcal_std_atmo.blend1	SKIP_ORPHAN_no_matching_blend
DELETE	1604276	2026-08-02 11:36:12	./render/exposure_cal/expcal_std_noatmo.blend1	superseded_by_expcal_std_noatmo.blend_1836456B_2026-08-02
DELETE	325926	2026-08-03 23:51:32	./render/glass_ab/g_CTL.blend1	superseded_by_g_CTL.blend_333794B_2026-08-04
DELETE	325881	2026-08-03 23:51:42	./render/glass_ab/g_LIVE.blend1	superseded_by_g_LIVE.blend_333759B_2026-08-04
DELETE	325893	2026-08-03 23:51:51	./render/glass_ab/g_NEG.blend1	superseded_by_g_NEG.blend_333752B_2026-08-04
DELETE	325965	2026-08-03 23:51:59	./render/glass_ab/g_GPFLIP.blend1	superseded_by_g_GPFLIP.blend_333848B_2026-08-04
DELETE	288270570	2026-08-04 16:00:59	./render/r2521/r2521_before.blend1	superseded_by_r2521_before.blend_288281306B_2026-08-04
DELETE	288626642	2026-08-04 17:00:40	./render/r2521/r2521_after.blend1	superseded_by_r2521_after.blend_288626642B_2026-08-04
DELETE	289688397	2026-08-04 19:51:35	./render/r2521/r2521_final.blend1	superseded_by_r2521_final.blend_289688397B_2026-08-04
DELETE	3295573	2026-08-03 06:32:17	./render/breach/wit_static.blend1	superseded_by_wit_static.blend_3296018B_2026-08-03
KEEP	94603	2026-08-08 06:48:54	./work/r2-2341/ctl_edge_carpath.blend1	SKIP_RECENT_lt2h_possibly_live
DELETE	641479	2026-08-04 07:15:06	./render/r2372/pvg_before_paint.blend1	superseded_by_pvg_before_paint.blend_641479B_2026-08-04
DELETE	7625542	2026-08-04 07:09:06	./render/r2372/pvg_after.blend1	superseded_by_pvg_after.blend_7625542B_2026-08-04
DELETE	7625542	2026-08-04 07:16:21	./render/r2372/pvg_after_null.blend1	superseded_by_pvg_after_null.blend_7625542B_2026-08-04
DELETE	7624134	2026-08-04 07:15:26	./render/r2372/pvg_after_geo.blend1	superseded_by_pvg_after_geo.blend_7624134B_2026-08-04
DELETE	7623254	2026-08-04 07:15:37	./render/r2372/pvg_after_geonb.blend1	superseded_by_pvg_after_geonb.blend_7623254B_2026-08-04
DELETE	7004200	2026-08-04 07:39:30	./render/r2372/pvg_after_truegeo.blend1	superseded_by_pvg_after_truegeo.blend_7004200B_2026-08-04
DELETE	7645462	2026-08-04 07:39:39	./render/r2372/pvg_after_paint.blend1	superseded_by_pvg_after_paint.blend_7645462B_2026-08-04
DELETE	7625542	2026-08-04 07:16:10	./render/r2372/pvg_after_sunflip.blend1	superseded_by_pvg_after_sunflip.blend_7625542B_2026-08-04
KEEP	1039634416	2026-08-03 21:18:50	./work/r2116/scratch/gravel_bed_surface_ctl.blend1	SKIP_ORPHAN_no_matching_blend
DELETE	29393398	2026-07-29 00:14:32	./render/world/terrain/macro_doppler_before.blend1	superseded_by_macro_doppler_before.blend_29393511B_2026-07-29
DELETE	33664738	2026-07-29 00:19:36	./render/world/terrain/macro_doppler.blend1	superseded_by_macro_doppler.blend_33660516B_2026-07-29
DELETE	1071116542	2026-07-29 00:38:57	./render/world/terrain/ter.blend1	superseded_by_ter.blend_1071119095B_2026-07-29
DELETE	1422300	2026-07-28 22:43:54	./render/world/assembly/cal_scene.blend1	superseded_by_cal_scene.blend_1422300B_2026-07-28
DELETE	13932385	2026-08-03 12:51:45	./render/gate_witness/terrain_ground/witness.blend1	superseded_by_witness.blend_13947106B_2026-08-03
DELETE	13932385	2026-08-03 12:51:45	./render/gate_witness/terrain_ground/witness_flip.blend1	superseded_by_witness_flip.blend_13946965B_2026-08-03
DELETE	4794024	2026-08-03 12:19:48	./render/gate_witness/access_road_slab/witness.blend1	superseded_by_witness.blend_4793772B_2026-08-07
DELETE	4794023	2026-08-03 12:19:48	./render/gate_witness/access_road_slab/witness_flip.blend1	superseded_by_witness_flip.blend_4793775B_2026-08-07
DELETE	4523658	2026-08-03 21:16:51	./render/gate_witness/armco_post/witness.blend1	superseded_by_witness.blend_4529855B_2026-08-07
DELETE	4523656	2026-08-03 21:16:51	./render/gate_witness/armco_post/witness_flip.blend1	superseded_by_witness_flip.blend_4529852B_2026-08-07
DELETE	5581206	2026-08-03 12:45:20	./render/gate_witness/showroom_facade_panel/witness.blend1	superseded_by_witness.blend_5585530B_2026-08-03
DELETE	5581206	2026-08-03 12:45:20	./render/gate_witness/showroom_facade_panel/witness_flip.blend1	superseded_by_witness_flip.blend_5585529B_2026-08-03
DELETE	5895539	2026-07-30 00:53:46	./render/gate_witness/asphalt_wearing_course/witness.blend1	superseded_by_witness.blend_5898352B_2026-08-03
DELETE	4598021	2026-08-02 19:27:47	./render/gate_witness/catch_fence_post/witness.blend1	superseded_by_witness.blend_4583338B_2026-08-03
DELETE	4597810	2026-08-03 10:22:36	./render/gate_witness/catch_fence_post/witness_flip.blend1	superseded_by_witness_flip.blend_4583339B_2026-08-03
DELETE	12462909	2026-08-04 19:23:17	./render/gate_witness/driver_figure/witness.blend1	superseded_by_witness.blend_12466843B_2026-08-04
DELETE	12462909	2026-08-04 19:23:17	./render/gate_witness/driver_figure/witness_flip.blend1	superseded_by_witness_flip.blend_12466845B_2026-08-04
DELETE	4559781	2026-08-03 12:33:36	./render/gate_witness/kerb_precast_unit/witness.blend1	superseded_by_witness.blend_4566774B_2026-08-03
DELETE	4559782	2026-08-03 12:33:36	./render/gate_witness/kerb_precast_unit/witness_flip.blend1	superseded_by_witness_flip.blend_4566774B_2026-08-03
DELETE	6215028	2026-08-03 12:34:37	./render/gate_witness/marshal_post_column/witness.blend1	superseded_by_witness.blend_6226034B_2026-08-03
DELETE	6215027	2026-08-03 12:34:37	./render/gate_witness/marshal_post_column/witness_flip.blend1	superseded_by_witness_flip.blend_6226034B_2026-08-03
DELETE	12957745	2026-07-30 01:27:26	./render/gate_witness/mullion_intact/witness.blend1	superseded_by_witness.blend_12956880B_2026-08-03
DELETE	8240706	2026-07-30 01:56:28	./render/gate_witness/paddock_paving_bay/witness.blend1	superseded_by_witness.blend_8235807B_2026-08-03
DELETE	4875279	2026-08-03 12:40:15	./render/gate_witness/pit_wall_unit/witness.blend1	superseded_by_witness.blend_4873468B_2026-08-03
DELETE	4875279	2026-08-03 12:40:15	./render/gate_witness/pit_wall_unit/witness_flip.blend1	superseded_by_witness_flip.blend_4873469B_2026-08-03
DELETE	43487300	2026-08-03 12:43:38	./render/gate_witness/pont_girder/witness.blend1	superseded_by_witness.blend_43484252B_2026-08-03
DELETE	43487295	2026-08-03 12:43:38	./render/gate_witness/pont_girder/witness_flip.blend1	superseded_by_witness_flip.blend_43484303B_2026-08-03
DELETE	7658359	2026-08-03 12:50:21	./render/gate_witness/team_truck_trailer/witness.blend1	superseded_by_witness.blend_7658318B_2026-08-03
DELETE	7658340	2026-08-03 12:50:22	./render/gate_witness/team_truck_trailer/witness_flip.blend1	superseded_by_witness_flip.blend_7658293B_2026-08-03
DELETE	8897288	2026-08-03 12:52:39	./render/gate_witness/timing_stand/witness.blend1	superseded_by_witness.blend_8894209B_2026-08-04
DELETE	8897292	2026-08-03 12:52:39	./render/gate_witness/timing_stand/witness_flip.blend1	superseded_by_witness_flip.blend_8894212B_2026-08-04
DELETE	10992232	2026-08-03 12:55:27	./render/gate_witness/tyre_blanket/witness.blend1	superseded_by_witness.blend_10991196B_2026-08-03
DELETE	10992230	2026-08-03 12:55:27	./render/gate_witness/tyre_blanket/witness_flip.blend1	superseded_by_witness_flip.blend_10991193B_2026-08-03
DELETE	4999376	2026-08-02 19:06:09	./render/gate_witness/tyre_wall_tyre/witness.blend1	superseded_by_witness.blend_5005084B_2026-08-03
DELETE	4999258	2026-08-03 10:22:43	./render/gate_witness/tyre_wall_tyre/witness_flip.blend1	superseded_by_witness_flip.blend_5005085B_2026-08-03
DELETE	6021281	2026-08-03 12:39:16	./render/gate_witness/paddock_personnel_figure/witness.blend1	superseded_by_witness.blend_5619761B_2026-08-03
DELETE	6021280	2026-08-03 12:39:16	./render/gate_witness/paddock_personnel_figure/witness_flip.blend1	superseded_by_witness_flip.blend_5619777B_2026-08-03
DELETE	5496876	2026-08-03 12:23:30	./render/gate_witness/crew_figure/witness.blend1	superseded_by_witness.blend_5500992B_2026-08-03
DELETE	5496875	2026-08-03 12:23:30	./render/gate_witness/crew_figure/witness_flip.blend1	superseded_by_witness_flip.blend_5500994B_2026-08-03
DELETE	81542500	2026-08-03 11:05:13	./render/gate_witness/dais_delivery_ramp/witness.blend1	superseded_by_witness.blend_81549645B_2026-08-03
DELETE	81542540	2026-08-03 11:05:14	./render/gate_witness/dais_delivery_ramp/witness_flip.blend1	superseded_by_witness_flip.blend_81549645B_2026-08-03
DELETE	5062232	2026-08-03 07:44:34	./render/gate_witness/_r2116_spectator_crowd_witness_backup/witness.blend1	superseded_by_witness.blend_5065887B_2026-08-03
DELETE	7780524	2026-08-03 12:35:16	./render/gate_witness/marshal_post_deck/witness.blend1	superseded_by_witness.blend_7785352B_2026-08-03
DELETE	7780526	2026-08-03 12:35:16	./render/gate_witness/marshal_post_deck/witness_flip.blend1	superseded_by_witness_flip.blend_7785353B_2026-08-03
DELETE	561987266	2026-08-02 18:35:51	./render/gate_witness/pont_deck_slab/witness.blend1	superseded_by_witness.blend_561987436B_2026-08-03
DELETE	5062232	2026-08-03 07:44:34	./render/gate_witness/spectator_seated/witness.blend1	superseded_by_witness.blend_5065887B_2026-08-03
DELETE	4680143	2026-08-03 20:41:37	./render/gate_witness/spectator_seated/witness_flip.blend1	superseded_by_witness_flip.blend_5065888B_2026-08-03
DELETE	8336636	2026-08-03 12:24:25	./render/gate_witness/crew_fireproof_overall/witness.blend1	superseded_by_witness.blend_8335331B_2026-08-03
DELETE	8336635	2026-08-03 12:24:25	./render/gate_witness/crew_fireproof_overall/witness_flip.blend1	superseded_by_witness_flip.blend_8335329B_2026-08-03
DELETE	4624647	2026-08-03 21:24:30	./render/gate_witness/armco_w_beam/witness.blend1	superseded_by_witness.blend_4631100B_2026-08-07
DELETE	4624647	2026-08-03 21:24:30	./render/gate_witness/armco_w_beam/witness_flip.blend1	superseded_by_witness_flip.blend_4631102B_2026-08-07
DELETE	4615728	2026-07-30 01:00:53	./render/gate_witness/forecourt_paving_bay/witness.blend1	superseded_by_witness.blend_4628503B_2026-08-03
DELETE	44793714	2026-08-03 18:19:50	./render/gate_witness/gantry_truss/witness.blend1	superseded_by_witness.blend_44789814B_2026-08-03
DELETE	44793718	2026-08-03 18:19:51	./render/gate_witness/gantry_truss/witness_flip.blend1	superseded_by_witness_flip.blend_44789816B_2026-08-03
DELETE	4558250	2026-08-02 16:31:00	./render/gate_witness/grandstand_riser_unit/witness.blend1	superseded_by_witness.blend_4561900B_2026-08-03
DELETE	4841869	2026-08-03 12:30:06	./render/gate_witness/gravel_bed_surface/witness.blend1	superseded_by_witness.blend_4806434B_2026-08-03
DELETE	4841874	2026-08-03 12:30:06	./render/gate_witness/gravel_bed_surface/witness_flip.blend1	superseded_by_witness_flip.blend_4806431B_2026-08-03
DELETE	4639104	2026-08-02 19:00:32	./render/gate_witness/heras_fence_panel/witness.blend1	superseded_by_witness.blend_4644736B_2026-08-03
DELETE	4638909	2026-08-03 10:22:40	./render/gate_witness/heras_fence_panel/witness_flip.blend1	superseded_by_witness_flip.blend_4644747B_2026-08-03
DELETE	57630023	2026-07-30 01:18:21	./render/gate_witness/hospitality_deck/witness.blend1	superseded_by_witness.blend_57628312B_2026-08-03
DELETE	47	2026-08-03 04:12:39	./work/dr_relief/before_root/world/arch_defect23.blend1	superseded_by_arch_defect23.blend_46B_2026-08-03
DELETE	53	2026-08-03 04:12:39	./work/dr_relief/before_root/world/arch_defect3_before.blend1	superseded_by_arch_defect3_before.blend_52B_2026-08-03
DELETE	40	2026-08-03 04:12:39	./work/dr_relief/before_root/world/br_fix.blend1	superseded_by_br_fix.blend_39B_2026-08-03
DELETE	46	2026-08-03 04:12:39	./work/dr_relief/before_root/world/br_fix_scene.blend1	superseded_by_br_fix_scene.blend_45B_2026-08-03
DELETE	44	2026-08-03 04:12:39	./work/dr_relief/before_root/world/camera_rig.blend1	superseded_by_camera_rig.blend_43B_2026-08-03
DELETE	42	2026-08-03 04:12:39	./work/dr_relief/before_root/world/car_anim.blend1	superseded_by_car_anim.blend_41B_2026-08-03
DELETE	48	2026-08-03 04:12:39	./work/dr_relief/before_root/world/relief_control.blend1	superseded_by_relief_control.blend_47B_2026-08-03
DELETE	46	2026-08-03 04:12:39	./work/dr_relief/before_root/world/surface_only.blend1	superseded_by_surface_only.blend_45B_2026-08-03
DELETE	55	2026-08-03 04:12:39	./work/dr_relief/before_root/world/surface_test_contract.blend1	superseded_by_surface_test_contract.blend_54B_2026-08-03
DELETE	54	2026-08-03 04:12:39	./work/dr_relief/before_root/world/surface_test_defects.blend1	superseded_by_surface_test_defects.blend_53B_2026-08-03
DELETE	52	2026-08-03 04:12:39	./work/dr_relief/before_root/world/surface_test_joint.blend1	superseded_by_surface_test_joint.blend_51B_2026-08-03
DELETE	55	2026-08-03 04:12:39	./work/dr_relief/before_root/world/surface_test_jointoff.blend1	superseded_by_surface_test_jointoff.blend_54B_2026-08-03
DELETE	52	2026-08-03 04:12:39	./work/dr_relief/before_root/world/surface_test_macro.blend1	superseded_by_surface_test_macro.blend_51B_2026-08-03
DELETE	52	2026-08-03 04:12:39	./work/dr_relief/before_root/world/surface_test_probe.blend1	superseded_by_surface_test_probe.blend_51B_2026-08-03
DELETE	53	2026-08-03 04:12:39	./work/dr_relief/before_root/world/surface_test_ribbon.blend1	superseded_by_surface_test_ribbon.blend_52B_2026-08-03
DELETE	54	2026-08-03 04:12:39	./work/dr_relief/before_root/world/surface_test_surface.blend1	superseded_by_surface_test_surface.blend_53B_2026-08-03
DELETE	53	2026-08-03 04:12:39	./work/dr_relief/before_root/world/verify_shutter_flat.blend1	superseded_by_verify_shutter_flat.blend_52B_2026-08-03
DELETE	48	2026-08-03 04:12:39	./work/dr_relief/before_root/world/verify_surface.blend1	superseded_by_verify_surface.blend_47B_2026-08-03
DELETE	2068082	2026-08-02 15:23:50	./render/items/_winding/probe/probe_lit.blend1	superseded_by_probe_lit.blend_2068102B_2026-08-02
DELETE	780733	2026-08-02 15:26:27	./render/items/_winding/probe/p_correct.blend1	superseded_by_p_correct.blend_780685B_2026-08-02
DELETE	763079	2026-08-02 15:26:36	./render/items/_winding/probe/p_reversed.blend1	superseded_by_p_reversed.blend_763029B_2026-08-02
DELETE	5313969	2026-08-02 08:53:51	./render/items/paddock_personnel_figure/bench/fabric_bench.blend1	superseded_by_fabric_bench.blend_5313974B_2026-08-02
DELETE	86614	2026-08-03 19:42:04	./render/world/assembly/r2/v120/ctl_place_pos.blend1	superseded_by_ctl_place_pos.blend_86620B_2026-08-03
DELETE	86581	2026-08-03 19:42:14	./render/world/assembly/r2/v120/ctl_place_neg.blend1	superseded_by_ctl_place_neg.blend_86585B_2026-08-03
DELETE	86604	2026-08-03 19:42:25	./render/world/assembly/r2/v120/ctl_place_nearmiss_neg.blend1	superseded_by_ctl_place_nearmiss_neg.blend_86601B_2026-08-03
DELETE	87144	2026-08-03 19:42:25	./render/world/assembly/r2/v120/ctl_collide_pos.blend1	superseded_by_ctl_collide_pos.blend_87141B_2026-08-03
DELETE	87113	2026-08-03 19:42:25	./render/world/assembly/r2/v120/ctl_collide_neg.blend1	superseded_by_ctl_collide_neg.blend_87115B_2026-08-03
DELETE	87193	2026-08-03 19:42:25	./render/world/assembly/r2/v120/ctl_depth_pos.blend1	superseded_by_ctl_depth_pos.blend_87231B_2026-08-03
DELETE	87199	2026-08-03 19:42:25	./render/world/assembly/r2/v120/ctl_depth_float_pos.blend1	superseded_by_ctl_depth_float_pos.blend_87203B_2026-08-03
DELETE	87195	2026-08-03 19:42:25	./render/world/assembly/r2/v120/ctl_depth_neg.blend1	superseded_by_ctl_depth_neg.blend_87223B_2026-08-03
DELETE	87796	2026-08-03 19:42:26	./render/world/assembly/r2/v120/ctl_variety_pos.blend1	superseded_by_ctl_variety_pos.blend_87796B_2026-08-03
DELETE	271186	2026-08-03 19:42:48	./render/world/assembly/r2/v120/ctl_variety_neg.blend1	superseded_by_ctl_variety_neg.blend_271130B_2026-08-03
