t_s	vmhwm_mb	vmrss_mb	mem_avail_mb	swapfree_mb
0.0	0	0	7382	38102
0.5	230	230	7297	38102
1.0	429	430	7193	38102
1.5	533	533	7181	38102
2.0	678	678	7237	38102
2.5	1050	1050	7155	38102
3.0	1205	1205	7135	38102
3.5	1541	1541	7115	38102
4.0	1809	1809	7092	38102
4.5	1936	1936	7095	38102
5.0	2107	2107	7120	38101
5.5	2151	2123	7134	38100
6.0	2165	2164	7140	38100
6.5	2171	2107	7140	38100
7.0	2171	2052	7138	38100
7.5	2171	1953	7173	38096
8.0	2171	1936	7262	38028
8.5	2171	1924	7344	38002
9.0	2171	1872	7339	38002
9.5	2171	1911	7345	37996
10.0	2393	2394	7272	37996
10.5	2964	2964	6958	37996
11.0	3680	3680	6533	37996
11.5	4312	4312	6081	37996
12.0	4804	4804	5809	37980
12.5	4944	4944	5846	37959
13.0	5039	5039	5864	37888
13.5	5165	5165	5917	37782
14.0	5266	5266	5955	37665
14.5	5363	5363	5993	37553
15.0	5441	5441	6010	37442
15.5	5476	5463	6043	37298
16.0	5719	5712	5894	37246
16.5	6379	6379	5495	37244
17.0	6959	6938	5079	37236
17.5	7108	7096	4698	37229
18.0	7176	7176	4406	37215
18.5	7238	7238	4450	37040
19.0	7332	7332	4496	36989
19.5	7430	7416	4418	36943
20.0	7436	7412	4029	36942
20.5	7456	7417	3597	36942
21.0	7494	7487	3426	36870
21.5	7494	7460	3470	36752
22.0	7494	7431	3521	36617
22.5	7494	7391	3594	36480
23.0	7494	7338	3677	36319
23.5	7494	7288	3599	36204
24.0	7494	7284	3618	36111
24.5	7494	7242	3647	36036
25.0	7494	7207	3806	35960
25.5	7494	7117	3777	35894
26.0	7494	7051	3289	35889
26.5	7494	7124	2879	35876
27.0	7494	7065	2928	35768
27.5	7494	7036	2982	35648
28.0	7494	7079	3043	35578
28.5	7494	7062	3068	35513
29.0	7494	7036	3116	35435
29.5	7494	6968	3187	35312
30.0	7494	6956	3233	35178
30.5	7494	6895	3174	35073
31.0	7494	7024	2937	35073
31.5	7494	7184	2638	35056
32.0	7494	7157	2684	34950
32.5	7494	7108	2725	34848
33.0	7494	7072	2762	34748
33.5	7494	6982	2711	34625
34.0	7494	6898	2809	34474
34.5	7494	6867	2854	34359
35.0	7494	6843	2886	34267
35.5	7494	6827	2922	34172
36.1	7494	6805	2973	34058
36.6	7494	6798	3016	33950
37.1	7494	6748	3062	33809
37.6	7494	6787	3142	33684
38.1	7494	6768	3162	33587
38.6	7494	6769	3257	33470
39.1	7494	6790	3304	33399
39.6	7494	6814	3361	33312
40.1	7494	6837	3417	33223
40.6	7494	6867	3335	33159
41.1	7494	7061	2963	33159
41.6	7494	7094	2825	33099
42.1	7494	7045	2839	33010
42.6	7494	7024	2871	32910
43.1	7494	6968	2924	32809
43.6	7494	6909	2982	32703
44.1	7494	6858	2887	32599
44.6	7494	6783	2958	32524
45.1	7494	6687	3035	32426
45.6	7494	6658	3081	32326
46.1	7494	6623	3131	32225
46.6	7494	6593	3180	32100
47.1	7494	6569	3237	31996
47.6	7494	6528	3289	31880
48.1	7494	6520	3329	31767
48.6	7494	6588	3386	31671
49.1	7494	6579	3410	31571
49.6	7494	6589	3460	31477
50.1	7494	6585	3503	31417
50.6	7494	6594	3532	31346
51.1	7494	6591	3550	31272
51.6	7494	6574	3570	31194
52.1	7494	6547	3603	31090
52.6	7494	6521	3646	30982
53.1	7494	6498	3680	30878
53.6	7494	6487	3710	30793
54.1	7494	6465	3744	30688
54.6	7494	6444	3780	30579
55.1	7494	6418	3804	30495
55.6	7494	6419	3830	30398
56.1	7494	6467	3832	30278
56.6	7494	6476	3861	30194
57.1	7494	6574	3935	30122
57.6	7494	6727	3877	30049
58.1	7494	6706	3908	29963
58.6	7494	6691	3934	29892
59.1	7494	6677	3966	29802
59.6	7494	6666	3996	29717
60.1	7494	6617	4027	29611
60.6	7494	6606	4048	29550
61.1	7494	6587	4068	29473
61.6	7494	6725	4032	29389
62.1	7494	6682	4041	29309
62.6	7494	6636	4055	29226
63.1	7494	6601	4074	29142
63.6	7494	6562	4092	29057
64.1	7494	6532	4112	28981
64.6	7494	6510	4132	28911
65.1	7494	6490	4151	28835
65.6	7494	6469	4173	28746
66.1	7494	6532	4193	28642
66.6	7494	6661	4263	28573
67.1	7494	6649	4280	28485
67.6	7494	6641	4292	28404
68.1	7494	6717	4436	28340
68.6	7494	6767	4388	28340
69.1	7494	6824	4323	28340
69.6	7494	6888	4241	28340
70.1	7494	6943	4188	28340
70.6	7494	6947	4164	28412
71.1	7494	6954	4147	28508
71.6	7494	3435	4111	28576
72.1	7494	3453	4075	28600
72.6	7494	3833	3701	28600
73.1	7494	4511	3019	28600
73.6	7494	4832	2695	28600
74.1	7494	4893	2657	28600
74.6	7494	4902	2572	28600
75.1	7494	4918	2549	28600
75.6	7494	5067	2450	28601
76.1	7494	5890	1721	28603
76.6	7494	5986	1610	28604
77.1	7494	6102	1524	28604
77.6	7494	6484	1092	28604
78.1	7494	7004	518	28605
78.6	7494	7306	264	28578
79.1	7494	7269	270	28475
79.6	7494	7237	279	28413
80.1	7494	7207	286	28364
80.6	7494	7170	290	28268
81.1	7494	7104	316	28163
81.6	7494	7086	326	28090
82.1	7494	7064	336	28008
82.6	7494	7021	380	27926
83.1	7494	7064	379	27809
83.6	7494	7071	397	27711
84.1	7494	7029	426	27608
84.6	7494	6962	397	27526
85.1	7494	6927	425	27436
85.6	7494	6911	443	27341
86.1	7494	6949	432	27277
86.6	7494	6969	428	27190
87.1	7494	6967	436	27103
87.6	7494	7085	431	27013
88.1	7494	7240	434	26938
88.6	7494	7324	436	26854
89.1	7494	7378	504	26800
89.6	7595	7595	543	26795
90.1	7658	7622	401	26746
90.6	7658	7563	458	26674
91.1	7658	7543	489	26603
91.6	7658	7533	486	26524
92.1	7658	7520	494	26467
92.6	7658	7510	535	26405
93.1	7658	7525	545	26336
93.7	7757	7690	498	26336
94.2	7784	7431	715	26336
94.7	7784	7771	386	26336
95.2	7841	7837	327	26329
95.7	7846	7840	328	26314
96.2	7847	7838	320	26299
96.7	7847	7160	753	26277
97.2	7847	7429	746	26266
97.7	7847	7267	896	26200
98.2	7847	7187	966	26196
98.7	7847	7188	938	26197
99.2	7847	7189	926	26197
99.7	7847	7189	925	26197
100.2	7847	7300	809	26197
100.7	7847	7301	808	26197
101.2	7847	7301	807	26197
101.7	7847	7301	807	26197
102.2	7847	7301	801	26197
102.7	7847	7301	803	26197
103.2	7847	7301	804	26197
103.7	7847	7301	779	26197
104.2	7847	7301	779	26197
104.7	7847	7301	778	26197
105.2	7847	7301	776	26197
105.7	7847	7301	773	26197
106.2	7847	7301	773	26197
106.7	7847	7302	772	26197
107.2	7847	7302	771	26197
107.7	7847	7302	767	26197
108.2	7847	7302	765	26197
108.7	7847	7302	765	26197
109.2	7847	7302	765	26197
109.7	7847	7302	763	26197
110.2	7847	7302	751	26197
110.7	7847	7302	751	26197
111.2	7847	7303	751	26197
111.7	7847	7303	753	26197
112.2	7847	7303	752	26197
112.7	7847	7303	750	26197
113.2	7847	7303	749	26197
113.7	7847	7303	749	26197
114.2	7847	7303	748	26197
114.7	7847	7303	657	26197
115.2	7847	7252	600	26146
115.7	7847	7201	603	26096
116.2	7847	7135	601	26030
116.7	7847	7082	628	25977
117.2	7847	7035	662	25930
117.7	7847	6990	687	25884
118.2	7847	6944	722	25838
118.7	7847	6906	748	25800
119.2	7847	6861	778	25755
119.7	7847	6851	834	25746
120.2	7847	6851	809	25746
120.7	7847	6851	805	25746
121.2	7847	6851	761	25746
121.7	7847	6852	750	25746
122.2	7847	6852	743	25746
122.7	7847	6852	735	25746
123.2	7847	6852	727	25746
123.7	7847	6835	690	25730
124.2	7847	6787	737	25681
124.7	7847	6767	750	25661
125.2	7847	6767	701	25661
125.7	7847	6767	696	25661
126.2	7847	6767	690	25661
126.7	7847	6767	685	25661
127.2	7847	6737	703	25631
127.7	7847	6695	751	25589
128.2	7847	6686	743	25580
128.7	7847	6686	722	25580
129.2	7847	6686	1301	25580
129.7	7847	6686	1247	25580
130.2	7847	6686	1244	25581
130.7	7847	6686	1243	25584
131.2	7847	6686	1243	25584
131.7	7847	6686	1244	25585
132.2	7847	6686	1240	25586
132.7	7847	6686	1242	25593
133.2	7847	6686	1242	25594
133.7	7847	6686	1251	25595
134.2	7847	6686	1258	25595
134.7	7847	6686	1257	25595
135.2	7847	6686	1257	25595
135.7	7847	6686	1259	25595
136.2	7847	6686	1260	25595
136.7	7847	6686	1261	25595
137.2	7847	6686	1260	25595
137.7	7847	6686	1263	25595
138.2	7847	6686	1263	25595
138.7	7847	6687	1263	25595
139.2	7847	6687	1264	25595
139.7	7847	6687	1263	25595
140.2	7847	6687	1263	25595
140.7	7847	6687	1264	25595
141.2	7847	6687	1264	25595
141.7	7847	6687	1264	25595
142.2	7847	6687	1264	25595
142.7	7847	6687	1264	25595
143.2	7847	6687	1179	25595
143.7	7847	6687	1067	25595
144.2	7847	6687	990	25595
144.7	7847	6687	992	25595
145.2	7847	6687	984	25596
145.7	7847	6687	1169	25596
146.2	7847	6687	1158	25596
146.7	7847	6687	1156	25596
147.2	7847	6687	1123	25596
147.7	7847	6687	1133	25596
148.2	7847	6687	1132	25596
148.7	7847	6687	1138	25596
149.2	7847	6687	1138	25596
149.7	7847	6687	1143	25596
150.2	7847	6687	1143	25596
150.7	7847	6687	1148	25596
151.2	7847	6687	1148	25596
151.7	7847	6687	1153	25596
152.2	7847	6687	1153	25596
152.7	7847	6687	1157	25596
153.2	7847	6687	1157	25596
153.7	7847	6687	1160	25596
154.2	7847	6687	1160	25596
154.7	7847	6687	1161	25596
155.2	7847	6687	1161	25596
155.7	7847	6687	1161	25596
156.2	7847	6687	1161	25596
156.7	7847	6687	1164	25596
157.2	7847	6687	1164	25596
157.7	7847	6687	1168	25596
158.2	7847	6687	1166	25596
158.7	7847	6687	1171	25596
159.2	7847	6687	1171	25596
159.7	7847	6687	1177	25596
160.2	7847	6687	1174	25596
160.7	7847	6687	1178	25596
161.2	7847	6687	1166	25596
161.7	7847	6687	1170	25596
162.2	7847	6687	1170	25596
162.7	7847	6687	1173	25596
163.2	7847	6687	1174	25596
163.7	7847	6688	1193	25596
164.2	7847	6688	1192	25596
164.7	7847	6688	1192	25596
165.2	7847	6688	1192	25600
165.7	7847	6688	1195	25600
166.2	7847	6688	1195	25600
166.7	7847	6688	1198	25600
167.2	7847	6688	1198	25600
167.7	7847	6688	1198	25600
168.2	7847	6688	1198	25600
168.7	7847	6688	1198	25600
169.2	7847	6688	1198	25600
169.7	7847	6688	1198	25600
170.2	7847	6688	1198	25600
170.7	7847	6688	1199	25600
171.2	7847	6688	1199	25600
171.7	7847	6688	1202	25600
172.2	7847	6688	1202	25600
172.7	7847	6688	1202	25600
173.2	7847	6688	1201	25600
173.7	7847	6688	1201	25600
174.2	7847	6688	1201	25600
174.7	7847	6688	1201	25600
175.2	7847	6688	1201	25600
175.7	7847	6688	1202	25600
176.2	7847	6688	1200	25600
176.7	7847	6688	1200	25600
177.2	7847	6688	1199	25600
177.7	7847	6688	1192	25600
178.2	7847	6688	1191	25600
178.7	7847	6688	1191	25600
179.2	7847	6688	1191	25600
179.7	7847	6688	1191	25600
180.2	7847	6688	1191	25600
180.7	7847	6688	1191	25600
181.2	7847	6688	1191	25600
181.7	7847	6689	1191	25600
182.2	7847	6689	1191	25600
182.7	7847	6689	1191	25600
183.2	7847	6689	1190	25600
183.7	7847	6689	1189	25600
184.2	7847	6689	1189	25600
184.7	7847	6689	1189	25600
185.2	7847	6689	1188	25600
185.7	7847	6689	1195	25602
186.2	7847	6689	1194	25602
186.7	7847	6689	1192	25602
187.2	7847	6689	1185	25602
187.7	7847	6689	1185	25602
188.2	7847	6689	1187	25602
188.7	7847	6689	1189	25602
189.2	7847	6689	1189	25602
189.7	7847	6689	1189	25602
190.2	7847	6689	1189	25602
190.7	7847	6689	1189	25602
191.2	7847	6689	1190	25602
191.7	7847	6689	1190	25602
192.2	7847	6689	1190	25602
192.7	7847	6689	1190	25602
193.2	7847	6689	1183	25602
193.7	7847	6689	1183	25602
194.2	7847	6689	1183	25602
194.7	7847	6689	1183	25602
195.2	7847	6689	1183	25602
195.7	7847	6689	1183	25602
196.2	7847	6689	1183	25602
196.7	7847	6689	1185	25602
197.2	7847	6690	1147	25602
197.7	7847	6690	1142	25602
198.2	7847	6690	1141	25602
198.7	7847	6690	1136	25602
199.2	7847	6690	1142	25602
199.7	7847	6690	1142	25602
200.2	7847	6690	1141	25602
200.7	7847	6690	1140	25602
201.2	7847	6690	1140	25602
201.7	7847	6690	1137	25602
202.2	7847	6690	1137	25602
202.7	7847	6690	1137	25602
203.2	7847	6690	1137	25602
203.7	7847	6690	1138	25602
204.2	7847	6690	1138	25602
204.7	7847	6690	1138	25602
205.2	7847	6690	1138	25602
205.7	7847	6690	1137	25602
206.2	7847	6690	1137	25602
206.7	7847	6690	1137	25602
207.2	7847	6690	1130	25603
207.7	7847	6690	1125	25604
208.2	7847	6690	1124	25604
208.7	7847	6690	1124	25604
209.2	7847	6690	1124	25604
209.7	7847	6690	1124	25604
210.2	7847	6690	1124	25604
210.7	7847	6690	1124	25604
211.2	7847	6690	1124	25604
211.7	7847	6690	1124	25604
212.2	7847	6690	1124	25604
212.7	7847	6690	1124	25604
213.2	7847	6690	1123	25604
213.7	7847	6690	1123	25604
214.2	7847	6691	1123	25604
214.7	7847	6691	1123	25604
215.2	7847	6691	1123	25604
215.7	7847	6691	1123	25604
216.2	7847	6691	1123	25604
216.7	7847	6691	1123	25604
217.2	7847	6691	1123	25604
217.7	7847	6691	1123	25604
218.2	7847	6691	1125	25604
218.7	7847	6691	1124	25604
219.2	7847	6691	1124	25604
219.8	7847	6691	1124	25604
220.3	7847	6691	1124	25604
220.8	7847	6691	1123	25604
221.3	7847	6691	1123	25604
221.8	7847	6691	1125	25604
222.3	7847	6691	1125	25604
222.8	7847	6691	1125	25604
223.3	7847	6691	1125	25604
223.8	7847	6691	1125	25604
224.3	7847	6691	1125	25604
224.8	7847	6691	1125	25604
225.3	7847	6691	1123	25604
225.8	7847	6691	1123	25604
226.3	7847	6691	1123	25604
226.8	7847	6691	1123	25604
227.3	7847	6691	1123	25604
227.8	7847	6691	1123	25604
228.3	7847	6691	1123	25604
228.8	7847	6691	1123	25604
229.3	7847	6691	1119	25604
229.8	7847	6691	1119	25604
230.3	7847	6691	1121	25604
230.8	7847	6691	1121	25604
231.3	7847	6691	1121	25604
231.8	7847	6691	1117	25604
232.3	7847	6691	1116	25604
232.8	7847	6691	1117	25604
233.3	7847	6691	1117	25604
233.8	7847	6691	1117	25604
234.3	7847	6692	1117	25604
234.8	7847	6692	1118	25604
235.3	7847	6692	1118	25604
235.8	7847	6692	1117	25604
236.3	7847	6692	1117	25604
236.8	7847	6692	1117	25604
237.3	7847	6692	1114	25604
237.8	7847	6692	1108	25604
238.3	7847	6692	1109	25604
238.8	7847	6692	1110	25604
239.3	7847	6690	1161	25604
239.8	7847	6690	1160	25604
240.3	7847	6690	1158	25604
240.8	7847	6690	1158	25604
241.3	7847	6690	1155	25604
241.8	7847	6690	1154	25604
242.3	7847	6690	1153	25604
242.8	7847	6690	1153	25604
243.3	7847	6691	1153	25604
243.8	7847	6691	1152	25604
244.3	7847	6691	1152	25604
244.8	7847	6691	1152	25604
245.3	7847	6691	1152	25604
245.8	7847	6691	1152	25604
246.3	7847	6691	1152	25604
246.8	7847	6691	1152	25604
247.3	7847	6691	1152	25604
247.8	7847	6691	1152	25604
248.3	7847	6691	1151	25604
248.8	7847	6691	1151	25604
249.3	7847	6691	1151	25604
249.8	7847	6691	1151	25604
250.3	7847	6691	1150	25604
250.8	7847	6691	1150	25604
251.3	7847	6691	1150	25604
251.8	7847	6691	1150	25604
252.3	7847	6691	1150	25604
252.8	7847	6691	1150	25604
253.3	7847	6691	1149	25604
253.8	7847	6691	1148	25604
254.3	7847	6691	1148	25604
254.8	7847	6691	1148	25604
255.3	7847	6691	1148	25604
255.8	7847	6691	1148	25604
256.3	7847	6691	1148	25604
256.8	7847	6691	1148	25604
257.3	7847	6691	1148	25604
257.8	7847	6691	1136	25604
258.3	7847	6691	1137	25604
258.8	7847	6691	1137	25604
259.3	7847	6691	1137	25604
259.8	7847	6691	1137	25604
260.3	7847	6692	1137	25604
260.8	7847	6692	1137	25604
261.3	7847	6692	1137	25604
261.8	7847	6692	1131	25604
262.3	7847	6692	1131	25604
262.8	7847	6692	1131	25604
263.3	7847	6692	1131	25604
263.8	7847	6692	1132	25604
264.3	7847	6692	1132	25604
264.8	7847	6692	1132	25604
265.3	7847	6692	1132	25604
265.8	7847	6692	1131	25604
266.3	7847	6692	1132	25604
266.8	7847	6692	1132	25604
267.3	7847	6692	1132	25604
267.8	7847	6692	1132	25604
268.3	7847	6692	1132	25604
268.8	7847	6692	1131	25604
269.3	7847	6692	1131	25604
269.8	7847	6692	1131	25604
270.3	7847	6692	1131	25604
270.8	7847	6692	1134	25604
271.3	7847	6692	1134	25604
271.8	7847	6692	1134	25604
272.3	7847	6692	1134	25604
272.8	7847	6692	1133	25604
273.3	7847	6692	1133	25604
273.8	7847	6692	1134	25604
274.3	7847	6692	1134	25604
274.8	7847	6692	1134	25604
275.3	7847	6692	1134	25604
275.8	7847	6692	1134	25604
276.3	7847	6692	1133	25604
276.8	7847	6692	1131	25604
277.3	7847	6692	1131	25604
277.8	7847	6692	1131	25604
278.3	7847	6692	1132	25604
278.8	7847	6692	1131	25605
279.3	7847	6692	1131	25605
279.8	7847	6692	1131	25605
280.3	7847	6692	1131	25605
280.8	7847	6692	1129	25605
281.3	7847	6692	1129	25605
281.8	7847	6692	1129	25605
282.3	7847	6692	1129	25605
282.8	7847	6692	1129	25605
283.3	7847	6692	1129	25605
283.8	7847	6692	1128	25605
284.3	7847	6693	1128	25605
284.8	7847	6693	1128	25605
285.3	7847	6693	1128	25605
285.8	7847	6693	1124	25605
286.3	7847	6693	1124	25605
286.8	7847	6693	1124	25605
287.3	7847	6693	1124	25605
287.8	7847	6693	1122	25605
288.3	7847	6693	1123	25605
288.8	7847	6693	1123	25605
289.3	7847	6693	1123	25605
289.8	7847	6693	1130	25605
290.3	7847	6693	1130	25605
290.8	7847	6693	1130	25605
291.3	7847	6693	1130	25605
291.8	7847	6693	1127	25605
292.3	7847	6693	1127	25605
292.8	7847	6693	1127	25605
293.3	7847	6693	1126	25605
293.8	7847	6693	1126	25605
294.3	7847	6693	1126	25605
294.8	7847	6693	1126	25605
295.3	7847	6693	1126	25605
295.8	7847	6693	1126	25605
296.3	7847	6693	1125	25605
296.8	7847	6693	1125	25605
297.3	7847	6693	1125	25605
297.8	7847	6693	1124	25605
298.3	7847	6693	1124	25605
298.8	7847	6693	1124	25605
299.3	7847	6693	1123	25605
299.8	7847	6693	1123	25605
300.3	7847	6693	1123	25605
300.8	7847	6692	1154	25604
301.3	7847	6692	1154	25604
301.8	7847	6692	1151	25604
302.3	7847	6692	1149	25604
302.8	7847	6692	1148	25604
303.3	7847	6692	1148	25604
303.8	7847	6692	1148	25604
304.3	7847	6692	1147	25604
304.8	7847	6692	1147	25604
305.3	7847	6692	1147	25604
305.8	7847	6692	1147	25604
306.3	7847	6692	1147	25604
306.8	7847	6692	1146	25604
307.3	7847	6692	1146	25604
307.8	7847	6692	1146	25604
308.3	7847	6692	1146	25604
308.8	7847	6692	1146	25604
309.3	7847	6692	1146	25604
309.8	7847	6692	1145	25604
310.3	7847	6692	1145	25604
310.8	7847	6692	1130	25604
311.3	7847	6692	1129	25604
311.8	7847	6692	1129	25604
312.3	7847	6692	1129	25604
312.8	7847	6693	1129	25604
313.3	7847	6693	1129	25604
313.8	7847	6693	1129	25604
314.3	7847	6693	1128	25604
314.8	7847	6693	1128	25604
315.3	7847	6693	1127	25604
315.8	7847	6693	1126	25604
316.3	7847	6693	1126	25604
316.8	7847	6693	1126	25604
317.3	7847	6693	1086	25604
317.8	7847	6693	1079	25604
318.3	7847	6693	1083	25604
318.8	7847	6693	1083	25604
319.3	7847	6693	1083	25604
319.8	7847	6693	1083	25604
320.3	7847	6693	1082	25604
320.8	7847	6693	1082	25604
321.3	7847	6693	1117	25603
321.8	7847	6693	1110	25603
322.3	7847	6693	1100	25603
322.8	7847	6693	1099	25603
323.3	7847	6693	1099	25603
323.8	7847	6693	1099	25603
324.3	7847	6693	1098	25603
324.8	7847	6693	1098	25603
325.3	7847	6693	1098	25603
325.8	7847	6693	1097	25603
326.3	7847	6693	1096	25603
326.8	7847	6693	1095	25603
327.3	7847	6693	1094	25603
327.8	7847	6694	1094	25603
328.3	7847	6694	1093	25603
328.8	7847	6694	1089	25603
329.3	7847	6694	1089	25603
329.8	7847	6694	1089	25603
330.3	7847	6694	1089	25603
330.8	7847	6694	1089	25603
331.3	7847	6693	1114	25602
331.8	7847	6693	1097	25602
332.3	7847	6693	1097	25602
332.8	7847	6693	1097	25602
333.3	7847	6693	1097	25602
333.8	7847	6693	1096	25602
334.3	7847	6693	1096	25602
334.8	7847	6693	1096	25602
335.3	7847	6693	1096	25602
335.8	7847	6693	1095	25602
336.3	7847	6693	1095	25602
336.8	7847	6693	1095	25602
337.3	7847	6693	1095	25602
337.8	7847	6693	1095	25602
338.3	7847	6693	1094	25602
338.8	7847	6693	1094	25602
339.3	7847	6693	1094	25602
339.8	7847	6693	1094	25602
340.3	7847	6693	1094	25602
340.8	7847	6693	1093	25602
341.3	7847	6693	1093	25602
341.8	7847	6693	1093	25602
342.3	7847	6693	1092	25602
342.8	7847	6693	1092	25602
343.3	7847	6693	1090	25602
343.8	7847	6693	1090	25602
344.3	7847	6693	1091	25602
344.8	7847	6693	1090	25602
345.4	7847	6693	1087	25602
345.9	7847	6693	1087	25602
346.4	7847	6693	1087	25602
346.9	7847	6693	1087	25602
347.4	7847	6693	1087	25602
347.9	7847	6693	1087	25602
348.4	7847	6693	1087	25602
348.9	7847	6693	1087	25602
349.4	7847	6694	1086	25602
349.9	7847	6694	1086	25602
350.4	7847	6694	1085	25602
350.9	7847	6694	1087	25602
351.4	7847	6694	1087	25602
351.9	7847	6694	1084	25602
352.4	7847	6694	1082	25602
352.9	7847	6694	1082	25602
353.4	7847	6694	1082	25602
353.9	7847	6694	1082	25602
354.4	7847	6694	1076	25602
354.9	7847	6694	1076	25602
355.4	7847	6694	1076	25602
355.9	7847	6694	1075	25602
356.4	7847	6694	1075	25602
356.9	7847	6694	1075	25602
357.4	7847	6695	1075	25602
357.9	7847	6695	1075	25602
358.4	7847	6695	1075	25602
358.9	7847	6695	1075	25602
359.4	7847	6695	1074	25602
359.9	7847	6695	1074	25602
360.4	7847	6695	1074	25602
360.9	7847	6695	1074	25602
361.4	7847	6695	1074	25602
361.9	7847	6695	1074	25602
362.4	7847	6695	1074	25602
362.9	7847	6695	1074	25602
363.4	7847	6695	1075	25602
363.9	7847	6696	1075	25602
364.4	7847	6696	1074	25602
364.9	7847	6696	1074	25602
365.4	7847	6696	1074	25602
365.9	7847	6696	1074	25602
366.4	7847	6696	1074	25602
366.9	7847	6696	1074	25602
367.4	7847	6696	1074	25602
367.9	7847	6696	1073	25602
368.4	7847	6696	1073	25602
368.9	7847	6696	1073	25602
369.4	7847	6696	1073	25602
369.9	7847	6696	1073	25602
370.4	7847	6696	1073	25602
370.9	7847	6697	1073	25602
371.4	7847	6697	1072	25602
371.9	7847	6697	1072	25602
372.4	7847	6697	1072	25602
372.9	7847	6697	1072	25602
373.4	7847	6697	1072	25602
373.9	7847	6697	1072	25602
374.4	7847	6697	1072	25602
374.9	7847	6697	1072	25602
375.4	7847	6697	1072	25602
375.9	7847	6697	1072	25602
376.4	7847	6697	1072	25602
376.9	7847	6697	1072	25602
377.4	7847	6697	1072	25602
377.9	7847	6697	1071	25602
378.4	7847	6697	1071	25602
378.9	7847	6698	1071	25602
379.4	7847	6698	1071	25602
379.9	7847	6698	1071	25602
380.4	7847	6698	1071	25602
380.9	7847	6698	1071	25602
381.4	7847	6698	1071	25602
381.9	7847	6698	1065	25602
382.4	7847	6698	1065	25602
382.9	7847	6698	1063	25602
383.4	7847	6698	1063	25602
383.9	7847	6698	1031	25602
384.4	7847	6698	1003	25602
384.9	7847	6698	1001	25602
385.4	7847	6698	1001	25602
385.9	7847	6698	994	25602
386.4	7847	6699	993	25602
386.9	7847	6699	983	25602
387.4	7847	6699	982	25602
387.9	7847	6699	982	25602
388.4	7847	6699	982	25602
388.9	7847	6699	983	25602
389.4	7847	6699	1020	25602
389.9	7847	6699	1020	25602
390.4	7847	6699	1020	25602
390.9	7847	6699	1020	25602
391.4	7847	6699	1020	25602
391.9	7847	6699	1021	25602
392.4	7847	6699	1022	25602
392.9	7847	6699	1023	25602
393.4	7847	6699	1031	25602
393.9	7847	6699	1036	25602
394.4	7847	6700	1036	25602
394.9	7847	6699	1093	25601
395.4	7847	6699	1088	25601
395.9	7847	6699	1087	25601
396.4	7847	6699	1087	25601
396.9	7847	6699	1087	25601
397.4	7847	6699	1087	25601
397.9	7847	6699	1085	25601
398.4	7847	6699	1027	25601
398.9	7847	6699	1026	25601
399.4	7847	6699	1019	25601
399.9	7847	6699	1018	25601
400.4	7847	6699	1018	25601
400.9	7847	6699	1020	25601
401.4	7847	6699	1021	25601
401.9	7847	6699	1021	25601
402.4	7847	6700	1020	25601
402.9	7847	6700	1020	25601
403.4	7847	6700	1053	25601
403.9	7847	6700	1053	25601
404.4	7847	6700	1053	25601
404.9	7847	6700	1052	25601
405.4	7847	6699	1090	25600
405.9	7847	6699	1090	25600
406.4	7847	6699	1088	25600
406.9	7847	6448	1336	25600
407.4	7847	6448	1335	25600
407.9	7847	6448	1333	25600
408.4	7847	6448	1333	25600
408.9	7847	6448	1333	25600
409.4	7847	6448	1333	25600
409.9	7847	6448	1331	25600
410.4	7847	6448	1331	25600
410.9	7847	6448	1330	25600
411.4	7847	6448	1329	25600
411.9	7847	6448	1327	25600
412.4	7847	6448	1327	25600
412.9	7847	6448	1324	25600
413.4	7847	6448	1324	25600
413.9	7847	6448	1324	25600
414.4	7847	6448	1324	25600
414.9	7847	6448	1323	25600
415.4	7847	6448	1323	25600
415.9	7847	6448	1323	25600
416.4	7847	6448	1323	25600
416.9	7847	6448	1323	25600
417.4	7847	6448	1324	25600
417.9	7847	6448	1324	25600
418.4	7847	6448	1324	25600
418.9	7847	6448	1313	25600
419.4	7847	6448	1312	25600
419.9	7847	6448	1313	25600
420.4	7847	6448	1313	25600
420.9	7847	6448	1313	25600
421.4	7847	6448	1313	25600
421.9	7847	6448	1312	25600
422.4	7847	6448	1312	25600
422.9	7847	6448	1310	25600
423.4	7847	6448	1310	25600
423.9	7847	6448	1310	25600
424.4	7847	6448	1310	25600
424.9	7847	6448	1310	25600
425.4	7847	6448	1310	25600
425.9	7847	6448	1310	25600
426.4	7847	6448	1310	25600
426.9	7847	6448	1310	25600
427.4	7847	6448	1310	25600
427.9	7847	6448	1310	25600
428.4	7847	6448	1309	25600
428.9	7847	6448	1309	25600
429.4	7847	6448	1307	25600
429.9	7847	6448	1307	25600
430.4	7847	6448	1307	25600
430.9	7847	6448	1306	25600
431.4	7847	6448	1306	25600
431.9	7847	6448	1306	25600
432.4	7847	6448	1306	25600
432.9	7847	6448	1306	25600
433.4	7847	6448	1300	25600
433.9	7847	6448	1301	25600
434.4	7847	6448	1301	25600
434.9	7847	6448	1300	25600
435.4	7847	6448	1300	25600
435.9	7847	6448	1301	25600
436.4	7847	6448	1301	25600
436.9	7847	6448	1301	25600
437.4	7847	6448	1301	25600
437.9	7847	6448	1299	25600
438.4	7847	6448	1298	25600
438.9	7847	6448	1298	25600
439.4	7847	6448	1298	25600
439.9	7847	6448	1298	25600
440.4	7847	6448	1298	25600
440.9	7847	6448	1298	25600
441.4	7847	6448	1298	25600
441.9	7847	6448	1296	25600
442.4	7847	6448	1297	25600
442.9	7847	6448	1297	25600
443.4	7847	6448	1297	25600
443.9	7847	6448	1297	25600
444.4	7847	6448	1297	25600
444.9	7847	6448	1297	25600
445.4	7847	6448	1297	25600
445.9	7847	6448	1296	25600
446.4	7847	6448	1296	25600
446.9	7847	6448	1294	25600
447.4	7847	6448	1294	25600
447.9	7847	6448	1294	25600
448.4	7847	6448	1293	25600
448.9	7847	6448	1293	25600
449.4	7847	6448	1293	25600
449.9	7847	6448	1294	25600
450.4	7847	6448	1292	25600
450.9	7847	6448	1292	25600
451.4	7847	6448	1285	25600
451.9	7847	6448	1285	25600
452.4	7847	6448	1285	25600
452.9	7847	6448	1285	25600
453.4	7847	6448	1285	25600
453.9	7847	6448	1285	25600
454.4	7847	6448	1285	25600
454.9	7847	6448	1285	25600
455.4	7847	6448	1286	25600
455.9	7847	6448	1286	25600
456.4	7847	6448	1286	25600
456.9	7847	6448	1286	25600
457.4	7847	6448	1286	25600
457.9	7847	6448	1286	25600
458.4	7847	6448	1285	25601
458.9	7847	6448	1284	25601
459.4	7847	6448	1284	25601
459.9	7847	6448	1284	25601
460.4	7847	6448	1284	25601
460.9	7847	6448	1284	25601
461.4	7847	6448	1284	25601
461.9	7847	6448	1284	25601
462.4	7847	6448	1284	25601
462.9	7847	6448	1284	25601
463.4	7847	6448	1283	25601
463.9	7847	6448	1283	25601
464.4	7847	6448	1283	25601
464.9	7847	6448	1282	25601
465.4	7847	6448	1282	25601
465.9	7847	6448	1282	25601
466.4	7847	6448	1282	25601
466.9	7847	6448	1282	25601
467.4	7847	6448	1282	25601
467.9	7847	6448	1282	25601
468.4	7847	6446	1324	25600
468.9	7847	6446	1323	25600
469.4	7847	6446	1321	25600
469.9	7847	6446	1318	25600
470.4	7847	6446	1318	25600
470.9	7847	6446	1316	25600
471.4	7847	6446	1314	25600
471.9	7847	6446	1311	25600
472.4	7847	6446	1311	25600
472.9	7847	6446	1311	25600
473.4	7847	6446	1311	25600
473.9	7847	6446	1311	25600
474.4	7847	6446	1311	25600
474.9	7847	6446	1311	25600
475.5	7847	6446	1311	25600
476.0	7847	6446	1311	25600
476.5	7847	6446	1310	25600
477.0	7847	6446	1308	25600
477.5	7847	6446	1310	25600
478.0	7847	6446	1310	25600
478.5	7847	6446	1310	25600
479.0	7847	6446	1310	25600
479.5	7847	6446	1310	25600
480.0	7847	6446	1310	25600
480.5	7847	6446	1310	25600
481.0	7847	6446	1310	25600
481.5	7847	6446	1309	25600
482.0	7847	6446	1310	25600
482.5	7847	6446	1309	25600
483.0	7847	6446	1309	25600
483.5	7847	6446	1305	25600
484.0	7847	6446	1306	25600
484.5	7847	6446	1303	25600
485.0	7847	6446	1303	25600
485.5	7847	6446	1302	25600
486.0	7847	6446	1302	25600
486.5	7847	6446	1303	25600
487.0	7847	6446	1304	25600
487.5	7847	6446	1304	25600
488.0	7847	6446	1304	25600
488.5	7847	6446	1304	25600
489.0	7847	6447	1304	25600
489.5	7847	6447	1304	25600
490.0	7847	6447	1304	25600
490.5	7847	6447	1304	25600
491.0	7847	6447	1304	25600
491.5	7847	6447	1303	25600
492.0	7847	6447	1303	25600
492.5	7847	6447	1303	25600
493.0	7847	6447	1303	25600
493.5	7847	6447	1303	25600
494.0	7847	6447	1303	25600
494.5	7847	6447	1303	25600
495.0	7847	6447	1303	25600
495.5	7847	6447	1303	25600
496.0	7847	6447	1303	25600
496.5	7847	6447	1303	25600
497.0	7847	6447	1303	25600
497.5	7847	6447	1302	25600
498.0	7847	6447	1302	25600
498.5	7847	6447	1302	25600
499.0	7847	6447	1302	25600
499.5	7847	6447	1302	25600
500.0	7847	6447	1302	25600
500.5	7847	6447	1302	25600
501.0	7847	6447	1302	25600
501.5	7847	6447	1302	25600
502.0	7847	6447	1302	25600
502.5	7847	6447	1302	25600
503.0	7847	6447	1302	25600
503.5	7847	6447	1301	25600
504.0	7847	6447	1301	25600
504.5	7847	6447	1301	25600
505.0	7847	6447	1301	25600
505.5	7847	6447	1301	25600
506.0	7847	6447	1300	25600
506.5	7847	6447	1299	25600
507.0	7847	6447	1299	25600
507.5	7847	6447	1299	25600
508.0	7847	6447	1298	25600
508.5	7847	6447	1298	25600
509.0	7847	6447	1298	25600
509.5	7847	6447	1298	25600
510.0	7847	6447	1298	25600
510.5	7847	6447	1298	25600
511.0	7847	6447	1298	25600
511.5	7847	6447	1298	25600
512.0	7847	6447	1298	25600
512.5	7847	6447	1298	25600
513.0	7847	6447	1298	25600
513.5	7847	6447	1298	25600
514.0	7847	6447	1298	25600
514.5	7847	6447	1299	25600
515.0	7847	6447	1300	25600
515.5	7847	6447	1300	25600
516.0	7847	6447	1294	25600
516.5	7847	6447	1294	25600
517.0	7847	6447	1294	25600
517.5	7847	6447	1294	25600
518.0	7847	6447	1295	25602
518.5	7847	6447	1294	25602
519.0	7847	6447	1294	25602
519.5	7847	6447	1294	25602
520.0	7847	6447	1294	25602
520.5	7847	6447	1293	25602
521.0	7847	6447	1293	25602
521.5	7847	6447	1293	25602
522.0	7847	6447	1293	25602
522.5	7847	6447	1293	25602
523.0	7847	6447	1293	25602
523.5	7847	6447	1293	25602
524.0	7847	6447	1293	25602
524.5	7847	6447	1293	25602
525.0	7847	6447	1293	25602
525.5	7847	6447	1293	25602
526.0	7847	6447	1293	25602
526.5	7847	6447	1293	25602
527.0	7847	6447	1293	25602
527.5	7847	6447	1292	25602
528.0	7847	6447	1292	25602
528.5	7847	6447	1292	25602
529.0	7847	6447	1292	25602
529.5	7847	6447	1292	25602
530.0	7847	6447	1293	25602
530.5	7847	6447	1292	25602
531.0	7847	6447	1292	25602
531.5	7847	6447	1292	25602
532.0	7847	6447	1291	25602
532.5	7847	6447	1291	25602
533.0	7847	6447	1292	25602
533.5	7847	6447	1292	25602
534.0	7847	6447	1292	25602
534.5	7847	6447	1291	25602
535.0	7847	6447	1291	25602
535.5	7847	6447	1292	25602
536.0	7847	6447	1292	25602
536.5	7847	6447	1292	25602
537.0	7847	6447	1292	25602
537.5	7847	6447	1292	25602
538.0	7847	6447	1292	25602
538.5	7847	6447	1292	25602
539.0	7847	6447	1292	25602
539.5	7847	6447	1291	25602
540.0	7847	6447	1291	25602
540.5	7847	6447	1290	25602
541.0	7847	6447	1290	25602
541.5	7847	6447	1290	25602
542.0	7847	6447	1290	25602
542.5	7847	6447	1290	25602
543.0	7847	6447	1290	25602
543.5	7847	6447	1290	25602
544.0	7847	6447	1290	25602
544.5	7847	6447	1290	25602
545.0	7847	6447	1290	25602
545.5	7847	6447	1289	25602
546.0	7847	6447	1290	25602
546.5	7847	6447	1290	25602
547.0	7847	6447	1290	25602
547.5	7847	6447	1290	25602
548.0	7847	6447	1291	25602
548.5	7847	6447	1291	25602
549.0	7847	6447	1291	25602
549.5	7847	6447	1291	25602
550.0	7847	6447	1291	25602
550.5	7847	6447	1290	25602
551.0	7847	6447	1290	25602
551.5	7847	6447	1290	25602
552.0	7847	6447	1290	25602
552.5	7847	6447	1290	25602
553.0	7847	6447	1289	25602
553.5	7847	6447	1289	25602
554.0	7847	6447	1289	25602
554.5	7847	6447	1289	25602
555.0	7847	6447	1290	25602
555.5	7847	6447	1290	25602
556.0	7847	6447	1290	25602
556.5	7847	6447	1290	25602
557.0	7847	6447	1290	25602
557.5	7847	6447	1290	25602
558.0	7847	6447	1290	25602
558.5	7847	6447	1290	25602
559.0	7847	6447	1290	25602
559.5	7847	6447	1290	25602
560.0	7847	6447	1290	25602
560.5	7847	6447	1290	25602
561.0	7847	6447	1289	25602
561.5	7847	6447	1289	25602
562.0	7847	6447	1287	25602
562.5	7847	6447	1287	25602
563.0	7847	6447	1288	25602
563.5	7847	6447	1288	25602
564.0	7847	6447	1288	25602
564.5	7847	6447	1288	25602
565.0	7847	6447	1288	25602
565.5	7847	6447	1288	25602
566.0	7847	6447	1288	25602
566.5	7847	6447	1287	25602
567.0	7847	6447	1287	25602
567.5	7847	6447	1287	25602
568.0	7847	6447	1287	25602
568.5	7847	6447	1287	25602
569.0	7847	6447	1287	25602
569.5	7847	6447	1287	25602
570.0	7847	6447	1287	25602
570.5	7847	6447	1287	25602
571.0	7847	6447	1288	25602
571.5	7847	6447	1288	25602
572.0	7847	6447	1288	25602
572.5	7847	6447	1288	25602
573.0	7847	6447	1288	25602
573.5	7847	6447	1288	25602
574.0	7847	6447	1288	25602
574.5	7847	6447	1288	25602
575.0	7847	6447	1288	25602
575.5	7847	6447	1289	25602
576.0	7847	6447	1289	25602
576.5	7847	6447	1289	25602
577.0	7847	6447	1289	25602
577.5	7847	6447	1289	25602
578.0	7847	6447	1290	25602
578.5	7847	6447	1290	25602
579.0	7847	6447	1290	25602
579.5	7847	6447	1290	25602
580.0	7847	6447	1291	25602
580.5	7847	6447	1285	25602
581.0	7847	6447	1285	25602
581.5	7847	6447	1285	25602
582.0	7847	6447	1286	25602
582.5	7847	6447	1286	25602
583.0	7847	6447	1286	25602
583.5	7847	6447	1286	25602
584.0	7847	6447	1286	25602
584.5	7847	6447	1286	25602
585.0	7847	6447	1286	25602
585.5	7847	6447	1278	25602
586.0	7847	6447	1280	25602
586.5	7847	6447	1280	25602
587.0	7847	6447	1280	25602
587.5	7847	6447	1280	25602
588.0	7847	6447	1279	25602
588.5	7847	6447	1279	25602
589.0	7847	6447	1279	25602
589.5	7847	6447	1279	25602
590.0	7847	6447	1279	25602
590.5	7847	6447	1279	25602
591.0	7847	6447	1277	25602
591.5	7847	6447	1277	25602
592.0	7847	6447	1277	25602
592.5	7847	6447	1277	25602
593.0	7847	6447	1277	25602
593.5	7847	6447	1277	25602
594.0	7847	6447	1277	25602
594.5	7847	6447	1276	25602
595.0	7847	6447	1280	25602
595.5	7847	6447	1280	25602
596.0	7847	6447	1280	25602
596.5	7847	6447	1281	25602
597.0	7847	6447	1281	25602
597.5	7847	6447	1281	25602
598.0	7847	6447	1281	25602
598.5	7847	6447	1281	25602
599.0	7847	6447	1281	25602
599.5	7847	6447	1281	25602
600.0	7847	6447	1281	25602
600.6	7847	6447	1282	25602
601.1	7847	6447	1282	25602
601.6	7847	6446	1282	25601
602.1	7847	6445	1322	25601
602.6	7847	6445	1318	25601
603.1	7847	6445	1318	25601
603.6	7847	6445	1318	25601
604.1	7847	6445	1318	25601
604.6	7847	6445	1317	25601
605.1	7847	6445	1316	25601
605.6	7847	6445	1311	25601
606.1	7847	6445	1310	25601
606.6	7847	6445	1310	25601
607.1	7847	6445	1308	25601
607.6	7847	6445	1307	25601
608.1	7847	6445	1301	25601
608.6	7847	6445	1301	25601
609.1	7847	6445	1300	25601
609.6	7847	6445	1300	25601
610.1	7847	6445	1299	25601
610.6	7847	6445	1298	25601
611.1	7847	6445	1297	25601
611.6	7847	6445	1297	25601
612.1	7847	6445	1278	25601
612.6	7847	6445	1277	25601
613.1	7847	6445	1276	25601
613.6	7847	6445	1276	25601
614.1	7847	6445	1273	25601
614.6	7847	6445	1241	25601
615.1	7847	6445	1238	25601
615.6	7847	6445	1223	25601
616.1	7847	6445	1212	25601
616.6	7847	6445	1218	25601
617.1	7847	6445	1222	25601
617.6	7847	6445	1189	25601
618.1	7847	6445	1201	25601
618.6	7847	6445	1205	25601
619.1	7847	6445	1199	25601
619.6	7847	6445	1201	25601
620.1	7847	6435	1251	25590
620.6	7847	6375	1306	25530
621.1	7847	6363	1292	25519
621.6	7847	6363	1298	25519
622.1	7847	6363	1297	25519
622.6	7847	6363	1301	25519
623.1	7847	6363	1308	25519
623.6	7847	6363	1308	25519
624.1	7847	6363	1306	25519
624.6	7847	6363	1311	25519
625.1	7847	6313	1383	25472
625.6	7847	6277	1421	25440
626.1	7847	6277	1414	25440
626.6	7847	6277	1418	25440
627.1	7847	6277	1422	25440
627.6	7847	6277	1421	25440
628.1	7847	6277	1423	25440
628.6	7847	6277	1421	25440
629.1	7847	6277	1420	25440
629.6	7847	6277	1418	25440
630.1	7847	6277	1413	25440
630.6	7847	6277	1410	25440
631.1	7847	6277	1408	25440
631.6	7847	6277	1419	25440
632.1	7847	6277	1419	25440
632.6	7847	6277	1418	25440
633.1	7847	6277	1419	25440
633.6	7847	6277	1421	25440
634.1	7847	6277	1419	25440
634.6	7847	6277	1418	25440
635.1	7847	6277	1411	25440
635.6	7847	6277	1414	25440
636.1	7847	6277	1412	25440
636.6	7847	6277	1412	25440
637.1	7847	6277	1416	25440
637.6	7847	6277	1412	25440
638.1	7847	6250	1449	25420
638.6	7847	6186	1507	25363
639.1	7847	6182	1504	25359
639.6	7847	6182	1501	25359
640.1	7847	6182	1503	25359
640.6	7847	6182	1501	25359
641.1	7847	6182	1499	25359
641.6	7847	6182	1498	25359
642.1	7847	6182	1498	25359
642.6	7847	6182	1498	25359
643.1	7847	6182	1498	25359
643.6	7847	6182	1498	25359
644.1	7847	6182	1498	25359
644.6	7847	6182	1499	25359
645.1	7847	6182	1500	25359
645.6	7847	6182	1500	25359
646.1	7847	6182	1500	25359
646.6	7847	6182	1500	25359
647.1	7847	6182	1487	25359
647.6	7847	6182	1482	25359
648.1	7847	6182	1482	25359
648.6	7847	6182	1482	25359
649.1	7847	6182	1482	25359
649.6	7847	6182	1482	25359
650.1	7847	6182	1484	25359
650.6	7847	6182	1484	25359
651.1	7847	6182	1485	25359
651.6	7847	6182	1485	25359
652.1	7847	6182	1488	25359
652.6	7847	6182	1487	25359
653.1	7847	6182	1487	25359
653.6	7847	6182	1472	25359
654.1	7847	6182	1472	25359
654.6	7847	6182	1472	25359
655.1	7847	6182	1472	25359
655.6	7847	6182	1472	25359
656.1	7847	6182	1472	25359
656.6	7847	6182	1472	25359
657.1	7847	6182	1473	25359
657.6	7847	6182	1473	25359
658.1	7847	6182	1473	25359
658.6	7847	6182	1473	25359
659.1	7847	6182	1474	25359
659.6	7847	6182	1474	25359
660.1	7847	6182	1474	25359
660.6	7847	6182	1475	25359
661.1	7847	6182	1475	25359
661.6	7847	6182	1475	25359
662.1	7847	6182	1475	25359
662.6	7847	6182	1475	25359
663.1	7847	6182	1468	25359
663.6	7847	6182	1468	25359
664.1	7847	6182	1468	25359
664.6	7847	6176	1450	25352
665.1	7847	6116	1485	25302
665.6	7847	6042	1522	25283
666.1	7847	5984	1541	25227
666.6	7847	5920	1596	25165
667.1	7847	5855	1645	25103
667.6	7847	5853	1680	25101
668.1	7847	5853	1667	25101
668.6	7847	5853	1667	25101
669.1	7847	5853	1664	25101
669.6	7847	5853	1654	25101
670.1	7847	5853	1620	25101
670.6	7847	5853	1607	25101
671.1	7847	5853	1607	25101
671.6	7847	5840	1575	25089
672.1	7847	5798	1592	25052
672.6	7847	5767	1635	25032
673.1	7847	5767	1630	25032
673.6	7847	5767	1627	25032
674.1	7847	5767	1620	25032
674.6	7847	5767	1625	25032
675.1	7847	5723	1691	25007
675.6	7847	5664	1728	24957
676.1	7847	5593	1776	24951
676.6	7847	5567	1870	24951
677.1	7847	5567	1850	24951
677.6	7847	5567	1841	24951
678.1	7847	5567	1836	24951
678.6	7847	5538	1880	24944
679.1	7847	5505	1905	24912
679.6	7847	5472	1936	24885
680.1	7847	5472	1925	24885
680.6	7847	5472	1920	24885
681.1	7847	5429	1972	24857
681.6	7847	5369	2040	24811
682.1	7847	5369	2018	24811
682.6	7847	5350	2021	24795
683.1	7847	5312	2046	24759
683.6	7847	5267	2074	24716
684.1	7847	5267	2064	24716
684.6	7847	5267	2067	24716
685.1	7847	5263	2075	24713
685.6	7847	5208	2113	24660
686.1	7847	5161	2172	24619
686.6	7847	5161	2165	24622
687.1	7847	5161	2161	24622
687.6	7847	5161	2158	24622
688.1	7847	5161	2162	24622
688.6	7847	5161	2160	24622
689.1	7847	5120	2182	24588
689.6	7847	5079	2214	24552
690.1	7847	5033	2246	24509
690.6	7847	4982	2275	24461
691.1	7847	4961	2282	24443
691.6	7847	4961	2283	24443
692.1	7847	4961	2270	24443
692.6	7847	4924	2328	24408
693.1	7847	4880	2362	24366
693.6	7847	4835	2387	24324
694.1	7847	4774	2436	24276
694.6	7847	4739	2494	24243
695.1	7847	4739	2472	24243
695.6	7847	4739	2483	24243
696.1	7847	4699	2501	24221
696.6	7847	4642	2537	24181
697.1	7847	4608	2559	24150
697.6	7847	4546	2584	24106
698.1	7847	4535	2599	24097
698.7	7847	4535	2595	24098
699.2	7847	4535	2593	24098
699.7	7847	4535	2589	24098
700.2	7847	4524	2619	24091
700.7	7847	4481	2644	24064
701.2	7847	4437	2665	24037
701.7	7847	4401	2693	24007
702.2	7847	4356	2732	23954
702.7	7847	4356	2728	23935
703.2	7847	4356	2728	23935
703.7	7847	4353	2738	23932
704.2	7847	4307	2769	23909
704.7	7847	4285	2788	23885
705.2	7847	4258	2802	23856
705.7	7847	4189	2827	23814
706.2	7847	4128	2865	23761
706.7	7847	4114	2859	23752
707.2	7847	4089	2896	23730
707.7	7847	4042	2916	23695
708.2	7847	3997	2932	23652
708.7	7847	3929	2963	23621
709.2	7847	3928	2955	23621
709.7	7847	3928	2955	23621
710.2	7847	3927	2953	23620
710.7	7847	3878	3004	23580
711.2	7847	3822	3035	23540
711.7	7847	3756	3072	23492
712.2	7847	3736	3083	23482
712.7	7847	3712	3112	23462
713.2	7847	3662	3144	23416
713.7	7847	3604	3180	23371
714.2	7847	3556	3193	23353
714.7	7847	3556	3196	23353
715.2	7847	3530	3210	23351
715.7	7847	3465	3217	23346
716.2	7847	3424	3233	23339
716.7	7847	3340	3274	23332
717.2	7847	3229	3263	23314
717.7	7847	3145	3360	23286
718.2	7847	3148	3469	23257
718.7	7847	3141	3379	23238
719.2	7847	3149	3563	23230
719.7	7847	3266	3426	23241
720.2	7847	3359	3390	23223
720.7	7847	3352	3442	23320
721.2	7847	3316	3542	23265
721.7	7847	3312	3525	23307
722.2	7847	3369	3480	23270
722.7	7847	3371	3345	23214
723.2	7847	3360	3362	23148
723.7	7847	3353	3461	23079
724.2	7847	3300	3473	23009
724.7	7847	3254	3504	22930
725.2	7847	3188	3561	22854
725.7	7847	3166	3576	22800
726.2	7847	3169	3571	22743
726.7	7847	3246	3572	22736
727.2	7847	3242	3616	22738
727.7	7847	3155	3723	23314
728.2	7847	3170	3690	23442
728.7	7847	3154	3690	23502
729.2	7847	3114	3727	23613
729.7	7847	3108	3773	23645
730.2	7847	3077	3846	23692
730.7	7847	3035	3881	23800
731.2	7847	3080	3841	23812
731.7	7847	3125	3776	23917
732.2	7847	3021	3851	24770
732.7	7847	2513	4568	28483
733.2	7847	2419	5027	30320
733.7	7847	2251	5970	32967
734.2	7847	2215	6129	33684
734.7	7847	2219	6097	33732
735.2	7847	2219	6077	33810
735.7	7847	2201	6090	33954
736.2	7847	2228	6094	33963
736.7	7847	2245	6085	33969
737.2	7847	2235	6095	33997
737.7	7847	2258	6114	33997
738.2	-1	-1	6407	34295
738.7	-1	-1	7133	34943
